-- phpMyAdmin SQL Dump
-- version 5.2.0
-- https://www.phpmyadmin.net/
--
-- Host: localhost:3306
-- Generation Time: Apr 04, 2025 at 03:02 PM
-- Server version: 8.0.30
-- PHP Version: 8.2.9

SET SQL_MODE = "NO_AUTO_VALUE_ON_ZERO";
START TRANSACTION;
SET time_zone = "+00:00";


/*!40101 SET @OLD_CHARACTER_SET_CLIENT=@@CHARACTER_SET_CLIENT */;
/*!40101 SET @OLD_CHARACTER_SET_RESULTS=@@CHARACTER_SET_RESULTS */;
/*!40101 SET @OLD_COLLATION_CONNECTION=@@COLLATION_CONNECTION */;
/*!40101 SET NAMES utf8mb4 */;

--
-- Database: `projectcarbonfix`
--

-- --------------------------------------------------------

--
-- Table structure for table `capquota`
--

CREATE TABLE `capquota` (
  `id` varchar(255) NOT NULL,
  `vehicleID` varchar(150) NOT NULL,
  `initialQuota` int NOT NULL,
  `currentQuota` int NOT NULL,
  `created_at` timestamp NOT NULL DEFAULT CURRENT_TIMESTAMP ON UPDATE CURRENT_TIMESTAMP
) ENGINE=InnoDB DEFAULT CHARSET=utf8mb4 COLLATE=utf8mb4_0900_ai_ci;

--
-- Dumping data for table `capquota`
--

INSERT INTO `capquota` (`id`, `vehicleID`, `initialQuota`, `currentQuota`, `created_at`) VALUES
('41caf1a1-f23e-4d7a-b0d0-bb6828b7416c', '6190eefa-b7a4-476c-befa-8d8297ba38a3', 0, 94406, '2024-12-05 15:29:04'),
('ec9730a4-3059-4667-8c83-12ea6aa263da', '1e10a266-0463-4bec-9b69-b180691e8074', 0, 114, '2024-11-30 06:31:04');

-- --------------------------------------------------------

--
-- Table structure for table `emission`
--

CREATE TABLE `emission` (
  `id` int NOT NULL,
  `id_vehicle` varchar(200) NOT NULL,
  `humadity` int NOT NULL,
  `CO` int NOT NULL,
  `NH3` int NOT NULL,
  `NO2` int NOT NULL,
  `lat` int NOT NULL,
  `long` int NOT NULL,
  `update_time` timestamp NOT NULL DEFAULT CURRENT_TIMESTAMP ON UPDATE CURRENT_TIMESTAMP
) ENGINE=InnoDB DEFAULT CHARSET=utf8mb4 COLLATE=utf8mb4_0900_ai_ci;

--
-- Dumping data for table `emission`
--

INSERT INTO `emission` (`id`, `id_vehicle`, `humadity`, `CO`, `NH3`, `NO2`, `lat`, `long`, `update_time`) VALUES
(76, '6190eefa-b7a4-476c-befa-8d8297ba38a3', 92, 31, 41, 9, -39, -48, '2024-11-11 09:00:00'),
(77, '6190eefa-b7a4-476c-befa-8d8297ba38a3', 84, 41, 11, 44, -81, -23, '2024-11-11 09:30:00'),
(78, '6190eefa-b7a4-476c-befa-8d8297ba38a3', 28, 22, 3, 32, -59, 129, '2024-11-11 10:00:00'),
(79, '6190eefa-b7a4-476c-befa-8d8297ba38a3', 20, 49, 20, 0, -56, -72, '2024-11-11 10:30:00'),
(80, '6190eefa-b7a4-476c-befa-8d8297ba38a3', 82, 31, 0, 39, -37, 120, '2024-11-11 11:00:00'),
(81, '6190eefa-b7a4-476c-befa-8d8297ba38a3', 71, 18, 45, 14, 90, 61, '2024-11-11 11:30:00'),
(82, '6190eefa-b7a4-476c-befa-8d8297ba38a3', 79, 29, 48, 8, -44, 132, '2024-11-11 12:00:00'),
(83, '6190eefa-b7a4-476c-befa-8d8297ba38a3', 61, 38, 0, 8, -48, 169, '2024-11-11 12:30:00'),
(84, '6190eefa-b7a4-476c-befa-8d8297ba38a3', 86, 4, 21, 25, -87, 167, '2024-11-11 13:00:00'),
(85, '6190eefa-b7a4-476c-befa-8d8297ba38a3', 69, 13, 48, 7, -9, -147, '2024-11-11 13:30:00'),
(86, '6190eefa-b7a4-476c-befa-8d8297ba38a3', 71, 27, 32, 27, 68, -135, '2024-11-11 14:00:00'),
(87, '6190eefa-b7a4-476c-befa-8d8297ba38a3', 70, 8, 3, 44, -20, -114, '2024-11-11 14:30:00'),
(88, '6190eefa-b7a4-476c-befa-8d8297ba38a3', 56, 18, 12, 47, -75, -67, '2024-11-11 15:00:00'),
(89, '6190eefa-b7a4-476c-befa-8d8297ba38a3', 55, 22, 48, 26, -21, -63, '2024-11-11 15:30:00'),
(90, '6190eefa-b7a4-476c-befa-8d8297ba38a3', 0, 41, 35, 8, -12, 149, '2024-11-11 16:00:00'),
(91, '6190eefa-b7a4-476c-befa-8d8297ba38a3', 39, 17, 47, 4, -50, 110, '2024-11-11 16:30:00'),
(92, '6190eefa-b7a4-476c-befa-8d8297ba38a3', 6, 48, 0, 22, 36, -68, '2024-11-11 17:00:00'),
(93, '6190eefa-b7a4-476c-befa-8d8297ba38a3', 5, 28, 0, 1, 66, 176, '2024-11-11 17:30:00'),
(94, '6190eefa-b7a4-476c-befa-8d8297ba38a3', 69, 33, 49, 19, -56, 179, '2024-11-11 18:00:00'),
(95, '6190eefa-b7a4-476c-befa-8d8297ba38a3', 12, 2, 46, 32, 47, 103, '2024-11-11 18:30:00'),
(96, '6190eefa-b7a4-476c-befa-8d8297ba38a3', 47, 45, 46, 20, 88, 133, '2024-11-11 19:00:00'),
(97, '6190eefa-b7a4-476c-befa-8d8297ba38a3', 31, 43, 30, 8, -3, 67, '2024-11-11 19:30:00'),
(98, '6190eefa-b7a4-476c-befa-8d8297ba38a3', 79, 48, 5, 11, 39, 145, '2024-11-11 20:00:00'),
(99, '6190eefa-b7a4-476c-befa-8d8297ba38a3', 69, 37, 40, 11, 17, -55, '2024-11-11 20:30:00'),
(100, '6190eefa-b7a4-476c-befa-8d8297ba38a3', 55, 23, 0, 16, -71, -97, '2024-11-11 21:00:00'),
(101, '6190eefa-b7a4-476c-befa-8d8297ba38a3', 28, 5, 35, 22, -29, 29, '2024-11-11 21:30:00'),
(102, '6190eefa-b7a4-476c-befa-8d8297ba38a3', 5, 49, 37, 42, -37, -152, '2024-11-11 22:00:00'),
(103, '6190eefa-b7a4-476c-befa-8d8297ba38a3', 28, 34, 9, 17, 1, 17, '2024-11-11 22:30:00'),
(104, '6190eefa-b7a4-476c-befa-8d8297ba38a3', 72, 42, 18, 18, -77, -19, '2024-11-11 23:00:00'),
(105, '6190eefa-b7a4-476c-befa-8d8297ba38a3', 47, 3, 39, 40, -27, 166, '2024-11-11 23:30:00'),
(106, '6190eefa-b7a4-476c-befa-8d8297ba38a3', 85, 42, 23, 19, -9, 141, '2024-11-12 00:00:00'),
(107, '6190eefa-b7a4-476c-befa-8d8297ba38a3', 78, 39, 28, 12, -24, 167, '2024-11-12 00:30:00'),
(108, '6190eefa-b7a4-476c-befa-8d8297ba38a3', 48, 18, 46, 16, -45, 144, '2024-11-12 01:00:00'),
(109, '6190eefa-b7a4-476c-befa-8d8297ba38a3', 41, 31, 20, 50, -6, 27, '2024-11-12 01:30:00'),
(110, '6190eefa-b7a4-476c-befa-8d8297ba38a3', 61, 1, 47, 41, 60, 141, '2024-11-12 02:00:00'),
(111, '6190eefa-b7a4-476c-befa-8d8297ba38a3', 60, 8, 40, 20, 75, -24, '2024-11-12 02:30:00'),
(112, '6190eefa-b7a4-476c-befa-8d8297ba38a3', 26, 42, 47, 28, 85, -78, '2024-11-12 03:00:00'),
(113, '6190eefa-b7a4-476c-befa-8d8297ba38a3', 44, 27, 23, 41, -28, 64, '2024-11-12 03:30:00'),
(114, '6190eefa-b7a4-476c-befa-8d8297ba38a3', 3, 26, 47, 42, 57, -157, '2024-11-12 04:00:00'),
(115, '6190eefa-b7a4-476c-befa-8d8297ba38a3', 44, 8, 5, 4, -56, 2, '2024-11-12 04:30:00'),
(116, '6190eefa-b7a4-476c-befa-8d8297ba38a3', 66, 49, 15, 32, -32, -121, '2024-11-12 05:00:00'),
(117, '6190eefa-b7a4-476c-befa-8d8297ba38a3', 95, 31, 3, 21, 4, 80, '2024-11-12 05:30:00'),
(118, '6190eefa-b7a4-476c-befa-8d8297ba38a3', 53, 19, 3, 6, 63, 24, '2024-11-12 06:00:00'),
(119, '6190eefa-b7a4-476c-befa-8d8297ba38a3', 23, 26, 2, 34, -21, 8, '2024-11-12 06:30:00'),
(120, '6190eefa-b7a4-476c-befa-8d8297ba38a3', 17, 42, 38, 45, 55, -21, '2024-11-12 07:00:00'),
(121, '6190eefa-b7a4-476c-befa-8d8297ba38a3', 45, 6, 38, 25, 72, -118, '2024-11-12 07:30:00'),
(122, '6190eefa-b7a4-476c-befa-8d8297ba38a3', 15, 16, 6, 15, 48, 20, '2024-11-12 08:00:00'),
(123, '6190eefa-b7a4-476c-befa-8d8297ba38a3', 69, 13, 25, 40, -82, -12, '2024-11-12 08:30:00'),
(124, '6190eefa-b7a4-476c-befa-8d8297ba38a3', 78, 34, 36, 26, 13, 90, '2024-11-12 09:00:00'),
(125, '6190eefa-b7a4-476c-befa-8d8297ba38a3', 55, 8, 2, 27, -61, -176, '2024-11-12 09:30:00'),
(126, '6190eefa-b7a4-476c-befa-8d8297ba38a3', 43, 17, 13, 18, -50, -119, '2024-11-12 10:00:00'),
(127, '6190eefa-b7a4-476c-befa-8d8297ba38a3', 62, 14, 20, 33, 84, 32, '2024-11-12 10:30:00'),
(128, '6190eefa-b7a4-476c-befa-8d8297ba38a3', 64, 25, 19, 17, -32, 130, '2024-11-12 11:00:00'),
(129, '6190eefa-b7a4-476c-befa-8d8297ba38a3', 85, 29, 18, 0, 35, 174, '2024-11-12 11:30:00'),
(130, '6190eefa-b7a4-476c-befa-8d8297ba38a3', 73, 49, 39, 24, -74, 44, '2024-11-12 12:00:00'),
(131, '6190eefa-b7a4-476c-befa-8d8297ba38a3', 63, 4, 5, 23, 44, 173, '2024-11-12 12:30:00'),
(132, '6190eefa-b7a4-476c-befa-8d8297ba38a3', 44, 36, 2, 18, 66, -120, '2024-11-12 13:00:00'),
(133, '6190eefa-b7a4-476c-befa-8d8297ba38a3', 79, 10, 6, 7, 2, -85, '2024-11-12 13:30:00'),
(134, '6190eefa-b7a4-476c-befa-8d8297ba38a3', 39, 4, 32, 14, 0, 78, '2024-11-12 14:00:00'),
(135, '6190eefa-b7a4-476c-befa-8d8297ba38a3', 75, 19, 42, 22, -50, 71, '2024-11-12 14:30:00'),
(136, '6190eefa-b7a4-476c-befa-8d8297ba38a3', 38, 5, 11, 25, 13, -3, '2024-11-12 15:00:00'),
(137, '6190eefa-b7a4-476c-befa-8d8297ba38a3', 75, 41, 37, 2, -74, -170, '2024-11-12 15:30:00'),
(138, '6190eefa-b7a4-476c-befa-8d8297ba38a3', 42, 9, 48, 47, -78, -111, '2024-11-12 16:00:00'),
(139, '6190eefa-b7a4-476c-befa-8d8297ba38a3', 76, 45, 34, 13, -80, 158, '2024-11-12 16:30:00'),
(140, '6190eefa-b7a4-476c-befa-8d8297ba38a3', 42, 12, 17, 13, -15, -57, '2024-11-12 17:00:00'),
(141, '6190eefa-b7a4-476c-befa-8d8297ba38a3', 43, 42, 12, 10, -71, -106, '2024-11-12 17:30:00'),
(142, '6190eefa-b7a4-476c-befa-8d8297ba38a3', 16, 35, 2, 12, 16, -98, '2024-11-12 18:00:00'),
(143, '6190eefa-b7a4-476c-befa-8d8297ba38a3', 27, 7, 47, 36, -71, 154, '2024-11-12 18:30:00'),
(144, '6190eefa-b7a4-476c-befa-8d8297ba38a3', 91, 38, 36, 12, 25, 108, '2024-11-12 19:00:00'),
(145, '6190eefa-b7a4-476c-befa-8d8297ba38a3', 27, 50, 15, 28, -29, 104, '2024-11-12 19:30:00'),
(146, '6190eefa-b7a4-476c-befa-8d8297ba38a3', 23, 19, 38, 7, -30, 106, '2024-11-12 20:00:00'),
(147, '6190eefa-b7a4-476c-befa-8d8297ba38a3', 88, 16, 22, 26, 62, -106, '2024-11-12 20:30:00'),
(148, '6190eefa-b7a4-476c-befa-8d8297ba38a3', 56, 16, 45, 44, 64, 148, '2024-11-12 21:00:00'),
(149, '6190eefa-b7a4-476c-befa-8d8297ba38a3', 30, 14, 40, 20, -60, 1, '2024-11-12 21:30:00'),
(150, '6190eefa-b7a4-476c-befa-8d8297ba38a3', 2, 45, 38, 26, 82, 166, '2024-11-12 22:00:00'),
(151, '6190eefa-b7a4-476c-befa-8d8297ba38a3', 67, 23, 36, 1, 51, -2, '2024-11-10 20:30:00'),
(152, '6190eefa-b7a4-476c-befa-8d8297ba38a3', 80, 30, 46, 14, -65, 175, '2024-11-10 21:00:00'),
(153, '6190eefa-b7a4-476c-befa-8d8297ba38a3', 85, 0, 38, 16, 20, -17, '2024-11-10 21:30:00'),
(154, '6190eefa-b7a4-476c-befa-8d8297ba38a3', 28, 9, 26, 19, -59, 44, '2024-11-10 22:00:00'),
(155, '6190eefa-b7a4-476c-befa-8d8297ba38a3', 23, 38, 2, 38, 24, -141, '2024-11-10 22:30:00'),
(156, '6190eefa-b7a4-476c-befa-8d8297ba38a3', 71, 26, 32, 23, -14, 5, '2024-11-10 23:00:00'),
(157, '6190eefa-b7a4-476c-befa-8d8297ba38a3', 42, 6, 8, 28, 82, -58, '2024-11-10 23:30:00'),
(158, '6190eefa-b7a4-476c-befa-8d8297ba38a3', 99, 0, 3, 4, -8, 22, '2024-11-11 00:00:00'),
(159, '6190eefa-b7a4-476c-befa-8d8297ba38a3', 47, 42, 45, 40, 68, -24, '2024-11-11 00:30:00'),
(160, '6190eefa-b7a4-476c-befa-8d8297ba38a3', 67, 48, 15, 49, -57, -60, '2024-11-11 01:00:00'),
(161, '6190eefa-b7a4-476c-befa-8d8297ba38a3', 23, 41, 46, 1, 55, 36, '2024-11-11 01:30:00'),
(162, '6190eefa-b7a4-476c-befa-8d8297ba38a3', 17, 21, 32, 41, 22, 156, '2024-11-11 02:00:00'),
(163, '6190eefa-b7a4-476c-befa-8d8297ba38a3', 71, 48, 22, 9, 40, -170, '2024-11-11 02:30:00'),
(164, '6190eefa-b7a4-476c-befa-8d8297ba38a3', 16, 1, 26, 24, -83, 93, '2024-11-11 03:00:00'),
(165, '6190eefa-b7a4-476c-befa-8d8297ba38a3', 65, 15, 40, 13, -71, -157, '2024-11-11 03:30:00'),
(166, '6190eefa-b7a4-476c-befa-8d8297ba38a3', 44, 18, 11, 41, -14, 88, '2024-11-11 04:00:00'),
(167, '6190eefa-b7a4-476c-befa-8d8297ba38a3', 90, 36, 12, 7, 7, 157, '2024-11-11 04:30:00'),
(168, '6190eefa-b7a4-476c-befa-8d8297ba38a3', 17, 23, 34, 2, 25, 111, '2024-11-11 05:00:00'),
(169, '6190eefa-b7a4-476c-befa-8d8297ba38a3', 25, 6, 31, 47, 86, -11, '2024-11-11 05:30:00'),
(170, '6190eefa-b7a4-476c-befa-8d8297ba38a3', 64, 39, 13, 44, 43, 117, '2024-11-11 06:00:00'),
(171, '6190eefa-b7a4-476c-befa-8d8297ba38a3', 38, 37, 10, 8, -90, 13, '2024-11-11 06:30:00'),
(172, '6190eefa-b7a4-476c-befa-8d8297ba38a3', 0, 6, 2, 33, -44, 49, '2024-11-11 07:00:00'),
(173, '6190eefa-b7a4-476c-befa-8d8297ba38a3', 92, 11, 13, 42, 27, 117, '2024-11-11 07:30:00'),
(174, '6190eefa-b7a4-476c-befa-8d8297ba38a3', 20, 22, 5, 1, -9, 175, '2024-11-11 08:00:00'),
(175, '6190eefa-b7a4-476c-befa-8d8297ba38a3', 67, 24, 23, 45, 45, 9, '2024-11-11 08:30:00'),
(176, '6190eefa-b7a4-476c-befa-8d8297ba38a3', 5, 22, 39, 3, 88, -114, '2024-11-11 09:00:00'),
(177, '6190eefa-b7a4-476c-befa-8d8297ba38a3', 56, 16, 33, 30, -82, 159, '2024-11-11 09:30:00'),
(178, '6190eefa-b7a4-476c-befa-8d8297ba38a3', 82, 38, 50, 4, 69, 101, '2024-11-11 10:00:00'),
(179, '6190eefa-b7a4-476c-befa-8d8297ba38a3', 71, 28, 1, 38, -78, 97, '2024-11-11 10:30:00'),
(180, '6190eefa-b7a4-476c-befa-8d8297ba38a3', 47, 46, 18, 5, 72, 179, '2024-11-11 11:00:00'),
(181, '6190eefa-b7a4-476c-befa-8d8297ba38a3', 25, 50, 29, 41, 59, 149, '2024-11-11 11:30:00'),
(182, '6190eefa-b7a4-476c-befa-8d8297ba38a3', 67, 8, 6, 27, -5, -164, '2024-11-11 12:00:00'),
(183, '6190eefa-b7a4-476c-befa-8d8297ba38a3', 86, 33, 27, 10, -38, 138, '2024-11-11 12:30:00'),
(184, '6190eefa-b7a4-476c-befa-8d8297ba38a3', 44, 17, 44, 16, 84, -89, '2024-11-11 13:00:00'),
(185, '6190eefa-b7a4-476c-befa-8d8297ba38a3', 35, 16, 30, 37, 1, 167, '2024-11-11 13:30:00'),
(186, '6190eefa-b7a4-476c-befa-8d8297ba38a3', 87, 24, 40, 6, -12, 155, '2024-11-11 14:00:00'),
(187, '6190eefa-b7a4-476c-befa-8d8297ba38a3', 22, 47, 3, 41, 87, 87, '2024-11-11 14:30:00'),
(188, '6190eefa-b7a4-476c-befa-8d8297ba38a3', 6, 20, 14, 10, 44, -60, '2024-11-11 15:00:00'),
(189, '6190eefa-b7a4-476c-befa-8d8297ba38a3', 84, 5, 48, 4, 66, 49, '2024-11-11 15:30:00'),
(190, '6190eefa-b7a4-476c-befa-8d8297ba38a3', 74, 6, 10, 26, 58, 4, '2024-11-11 16:00:00'),
(191, '6190eefa-b7a4-476c-befa-8d8297ba38a3', 3, 24, 11, 43, -42, -37, '2024-11-11 16:30:00'),
(192, '6190eefa-b7a4-476c-befa-8d8297ba38a3', 68, 9, 46, 42, -74, 65, '2024-11-11 17:00:00'),
(193, '6190eefa-b7a4-476c-befa-8d8297ba38a3', 75, 3, 27, 24, -63, 74, '2024-11-11 17:30:00'),
(194, '6190eefa-b7a4-476c-befa-8d8297ba38a3', 26, 21, 24, 15, 57, 89, '2024-11-11 18:00:00'),
(195, '6190eefa-b7a4-476c-befa-8d8297ba38a3', 46, 26, 43, 3, 47, -69, '2024-11-11 18:30:00'),
(196, '6190eefa-b7a4-476c-befa-8d8297ba38a3', 69, 41, 19, 0, 32, 84, '2024-11-11 19:00:00'),
(197, '6190eefa-b7a4-476c-befa-8d8297ba38a3', 60, 3, 34, 14, -6, 74, '2024-11-11 19:30:00'),
(198, '6190eefa-b7a4-476c-befa-8d8297ba38a3', 84, 1, 46, 18, 52, 10, '2024-11-11 20:00:00'),
(199, '6190eefa-b7a4-476c-befa-8d8297ba38a3', 89, 11, 12, 4, -11, -80, '2024-11-11 20:30:00'),
(200, '6190eefa-b7a4-476c-befa-8d8297ba38a3', 55, 42, 38, 8, 18, -112, '2024-11-11 21:00:00'),
(201, '6190eefa-b7a4-476c-befa-8d8297ba38a3', 71, 29, 26, 2, 84, 112, '2024-11-11 21:30:00'),
(202, '6190eefa-b7a4-476c-befa-8d8297ba38a3', 48, 44, 35, 21, 29, -92, '2024-11-11 22:00:00'),
(203, '6190eefa-b7a4-476c-befa-8d8297ba38a3', 62, 27, 42, 40, -65, 20, '2024-11-11 22:30:00'),
(204, '6190eefa-b7a4-476c-befa-8d8297ba38a3', 63, 31, 23, 9, -49, -63, '2024-11-11 23:00:00'),
(205, '6190eefa-b7a4-476c-befa-8d8297ba38a3', 79, 47, 2, 36, -3, -2, '2024-11-11 23:30:00'),
(206, '6190eefa-b7a4-476c-befa-8d8297ba38a3', 74, 1, 13, 26, -6, -3, '2024-11-12 00:00:00'),
(207, '6190eefa-b7a4-476c-befa-8d8297ba38a3', 41, 1, 21, 49, 55, 31, '2024-11-12 00:30:00'),
(208, '6190eefa-b7a4-476c-befa-8d8297ba38a3', 97, 16, 0, 47, -57, -126, '2024-11-12 01:00:00'),
(209, '6190eefa-b7a4-476c-befa-8d8297ba38a3', 94, 14, 12, 28, 63, 89, '2024-11-12 01:30:00'),
(210, '6190eefa-b7a4-476c-befa-8d8297ba38a3', 24, 49, 1, 35, 83, -21, '2024-11-12 02:00:00'),
(211, '6190eefa-b7a4-476c-befa-8d8297ba38a3', 100, 41, 46, 7, -14, -101, '2024-11-12 02:30:00'),
(212, '6190eefa-b7a4-476c-befa-8d8297ba38a3', 27, 20, 11, 8, 12, -133, '2024-11-12 03:00:00'),
(213, '6190eefa-b7a4-476c-befa-8d8297ba38a3', 60, 48, 49, 18, -4, 55, '2024-11-12 03:30:00'),
(214, '6190eefa-b7a4-476c-befa-8d8297ba38a3', 22, 46, 42, 7, 59, 96, '2024-11-12 04:00:00'),
(215, '6190eefa-b7a4-476c-befa-8d8297ba38a3', 74, 10, 27, 22, 76, -170, '2024-11-12 04:30:00'),
(216, '6190eefa-b7a4-476c-befa-8d8297ba38a3', 70, 34, 47, 1, -85, -40, '2024-11-12 05:00:00'),
(217, '6190eefa-b7a4-476c-befa-8d8297ba38a3', 88, 35, 6, 17, 52, -179, '2024-11-12 05:30:00'),
(218, '6190eefa-b7a4-476c-befa-8d8297ba38a3', 46, 37, 21, 36, -79, 17, '2024-11-12 06:00:00'),
(219, '6190eefa-b7a4-476c-befa-8d8297ba38a3', 0, 25, 13, 40, 53, 121, '2024-11-12 06:30:00'),
(220, '6190eefa-b7a4-476c-befa-8d8297ba38a3', 13, 24, 26, 24, -60, -170, '2024-11-12 07:00:00'),
(221, '6190eefa-b7a4-476c-befa-8d8297ba38a3', 18, 45, 3, 22, -7, -114, '2024-11-12 07:30:00'),
(222, '6190eefa-b7a4-476c-befa-8d8297ba38a3', 28, 48, 19, 40, 47, -138, '2024-11-12 08:00:00'),
(223, '6190eefa-b7a4-476c-befa-8d8297ba38a3', 9, 43, 39, 6, -50, 33, '2024-11-12 08:30:00'),
(224, '6190eefa-b7a4-476c-befa-8d8297ba38a3', 4, 12, 38, 1, 14, -126, '2024-11-12 09:00:00'),
(225, '6190eefa-b7a4-476c-befa-8d8297ba38a3', 79, 11, 10, 16, -36, -43, '2024-11-12 09:30:00'),
(226, '6190eefa-b7a4-476c-befa-8d8297ba38a3', 85, 11, 5, 7, 36, 81, '2024-11-12 10:00:00'),
(227, '6190eefa-b7a4-476c-befa-8d8297ba38a3', 77, 45, 24, 31, -2, -10, '2024-11-12 10:30:00'),
(228, '6190eefa-b7a4-476c-befa-8d8297ba38a3', 44, 27, 8, 2, 73, 145, '2024-11-12 11:00:00'),
(229, '6190eefa-b7a4-476c-befa-8d8297ba38a3', 64, 25, 16, 43, -80, 148, '2024-11-12 11:30:00'),
(230, '6190eefa-b7a4-476c-befa-8d8297ba38a3', 78, 22, 12, 1, -77, 36, '2024-11-12 12:00:00'),
(231, '6190eefa-b7a4-476c-befa-8d8297ba38a3', 49, 8, 38, 11, 31, 148, '2024-11-12 12:30:00'),
(232, '6190eefa-b7a4-476c-befa-8d8297ba38a3', 3, 1, 35, 28, 72, 24, '2024-11-12 13:00:00'),
(233, '6190eefa-b7a4-476c-befa-8d8297ba38a3', 29, 16, 19, 39, 69, -147, '2024-11-12 13:30:00'),
(234, '6190eefa-b7a4-476c-befa-8d8297ba38a3', 23, 11, 45, 44, 44, -115, '2024-11-12 14:00:00'),
(235, '6190eefa-b7a4-476c-befa-8d8297ba38a3', 51, 24, 43, 10, 33, -151, '2024-11-12 14:30:00'),
(236, '6190eefa-b7a4-476c-befa-8d8297ba38a3', 12, 29, 35, 27, -34, -104, '2024-11-12 15:00:00'),
(237, '6190eefa-b7a4-476c-befa-8d8297ba38a3', 29, 26, 12, 48, -18, 84, '2024-11-12 15:30:00'),
(238, '6190eefa-b7a4-476c-befa-8d8297ba38a3', 28, 48, 46, 10, 20, 53, '2024-11-12 16:00:00'),
(239, '6190eefa-b7a4-476c-befa-8d8297ba38a3', 8, 26, 24, 2, -70, -63, '2024-11-12 16:30:00'),
(240, '6190eefa-b7a4-476c-befa-8d8297ba38a3', 53, 11, 26, 47, -58, -28, '2024-11-12 17:00:00'),
(241, '6190eefa-b7a4-476c-befa-8d8297ba38a3', 49, 33, 37, 50, -42, -2, '2024-11-12 17:30:00'),
(242, '6190eefa-b7a4-476c-befa-8d8297ba38a3', 10, 44, 42, 5, 87, -15, '2024-11-12 18:00:00'),
(243, '6190eefa-b7a4-476c-befa-8d8297ba38a3', 58, 2, 33, 49, -40, -50, '2024-11-12 18:30:00'),
(244, '6190eefa-b7a4-476c-befa-8d8297ba38a3', 22, 40, 30, 26, 66, 171, '2024-11-12 19:00:00'),
(245, '6190eefa-b7a4-476c-befa-8d8297ba38a3', 54, 1, 46, 35, 34, 77, '2024-11-12 19:30:00'),
(246, '6190eefa-b7a4-476c-befa-8d8297ba38a3', 45, 42, 22, 13, -4, 70, '2024-11-12 20:00:00'),
(247, '6190eefa-b7a4-476c-befa-8d8297ba38a3', 25, 16, 20, 34, 30, 127, '2024-11-12 20:30:00'),
(248, '6190eefa-b7a4-476c-befa-8d8297ba38a3', 79, 37, 23, 46, 40, -59, '2024-11-12 21:00:00'),
(249, '6190eefa-b7a4-476c-befa-8d8297ba38a3', 11, 44, 47, 5, 3, 114, '2024-11-12 21:30:00'),
(250, '6190eefa-b7a4-476c-befa-8d8297ba38a3', 7, 1, 28, 9, -15, 176, '2024-11-12 22:00:00'),
(251, '6190eefa-b7a4-476c-befa-8d8297ba38a3', 69, 17, 24, 33, 17, 133, '2024-11-12 22:30:00'),
(252, '6190eefa-b7a4-476c-befa-8d8297ba38a3', 93, 7, 2, 2, -26, 142, '2024-11-12 23:00:00'),
(253, '6190eefa-b7a4-476c-befa-8d8297ba38a3', 15, 34, 33, 35, 34, 170, '2024-11-12 23:30:00'),
(254, '6190eefa-b7a4-476c-befa-8d8297ba38a3', 45, 26, 9, 30, 41, -40, '2024-11-13 00:00:00'),
(255, '6190eefa-b7a4-476c-befa-8d8297ba38a3', 81, 49, 5, 40, -1, 73, '2024-11-13 00:30:00'),
(256, '6190eefa-b7a4-476c-befa-8d8297ba38a3', 90, 48, 10, 37, 89, -21, '2024-11-13 01:00:00'),
(257, '6190eefa-b7a4-476c-befa-8d8297ba38a3', 27, 30, 19, 26, -70, 86, '2024-11-13 01:30:00'),
(258, '6190eefa-b7a4-476c-befa-8d8297ba38a3', 20, 42, 9, 29, -7, -73, '2024-11-13 02:00:00'),
(259, '6190eefa-b7a4-476c-befa-8d8297ba38a3', 47, 5, 5, 30, 14, 69, '2024-11-13 02:30:00'),
(260, '6190eefa-b7a4-476c-befa-8d8297ba38a3', 83, 18, 30, 26, -1, 57, '2024-11-13 03:00:00'),
(261, '6190eefa-b7a4-476c-befa-8d8297ba38a3', 70, 5, 43, 8, -79, -98, '2024-11-13 03:30:00'),
(262, '6190eefa-b7a4-476c-befa-8d8297ba38a3', 66, 25, 42, 42, 3, -73, '2024-11-13 04:00:00'),
(263, '6190eefa-b7a4-476c-befa-8d8297ba38a3', 39, 21, 30, 47, 49, -73, '2024-11-13 04:30:00'),
(264, '6190eefa-b7a4-476c-befa-8d8297ba38a3', 20, 4, 29, 23, -55, -17, '2024-11-13 05:00:00'),
(265, '6190eefa-b7a4-476c-befa-8d8297ba38a3', 92, 9, 29, 2, -17, 45, '2024-11-13 05:30:00'),
(266, '6190eefa-b7a4-476c-befa-8d8297ba38a3', 50, 41, 35, 21, 76, 35, '2024-11-13 06:00:00'),
(267, '6190eefa-b7a4-476c-befa-8d8297ba38a3', 58, 42, 21, 4, -27, 96, '2024-11-13 06:30:00'),
(268, '6190eefa-b7a4-476c-befa-8d8297ba38a3', 67, 37, 19, 23, -26, -50, '2024-11-13 07:00:00'),
(269, '6190eefa-b7a4-476c-befa-8d8297ba38a3', 53, 41, 21, 43, -28, 110, '2024-11-13 07:30:00'),
(270, '6190eefa-b7a4-476c-befa-8d8297ba38a3', 48, 2, 3, 12, -54, -50, '2024-11-13 08:00:00'),
(271, '6190eefa-b7a4-476c-befa-8d8297ba38a3', 59, 36, 13, 22, -57, 23, '2024-11-13 08:30:00'),
(272, '6190eefa-b7a4-476c-befa-8d8297ba38a3', 8, 34, 25, 38, -3, 19, '2024-11-13 09:00:00'),
(273, '6190eefa-b7a4-476c-befa-8d8297ba38a3', 24, 8, 6, 14, -10, -37, '2024-11-13 09:30:00'),
(274, '6190eefa-b7a4-476c-befa-8d8297ba38a3', 42, 17, 26, 16, -43, -168, '2024-11-13 10:00:00'),
(275, '6190eefa-b7a4-476c-befa-8d8297ba38a3', 53, 24, 8, 16, 84, 91, '2024-11-13 10:30:00'),
(276, '6190eefa-b7a4-476c-befa-8d8297ba38a3', 96, 21, 33, 26, -60, 128, '2024-11-13 11:00:00'),
(277, '6190eefa-b7a4-476c-befa-8d8297ba38a3', 87, 49, 34, 19, 51, 145, '2024-11-13 11:30:00'),
(278, '6190eefa-b7a4-476c-befa-8d8297ba38a3', 100, 21, 42, 26, -40, 136, '2024-11-13 12:00:00'),
(279, '6190eefa-b7a4-476c-befa-8d8297ba38a3', 45, 32, 8, 30, 66, -86, '2024-11-13 12:30:00'),
(280, '6190eefa-b7a4-476c-befa-8d8297ba38a3', 61, 16, 23, 8, -45, -15, '2024-11-13 13:00:00'),
(281, '6190eefa-b7a4-476c-befa-8d8297ba38a3', 88, 11, 23, 30, 53, -97, '2024-11-13 13:30:00'),
(282, '6190eefa-b7a4-476c-befa-8d8297ba38a3', 41, 38, 8, 42, 11, -129, '2024-11-13 14:00:00'),
(283, '6190eefa-b7a4-476c-befa-8d8297ba38a3', 39, 27, 2, 18, 20, 118, '2024-11-13 14:30:00'),
(284, '6190eefa-b7a4-476c-befa-8d8297ba38a3', 79, 10, 36, 18, 66, -147, '2024-11-13 15:00:00'),
(285, '6190eefa-b7a4-476c-befa-8d8297ba38a3', 43, 24, 3, 49, -47, -81, '2024-11-13 15:30:00'),
(286, '6190eefa-b7a4-476c-befa-8d8297ba38a3', 49, 23, 40, 49, 9, -109, '2024-11-13 16:00:00'),
(287, '6190eefa-b7a4-476c-befa-8d8297ba38a3', 23, 36, 19, 23, -9, 67, '2024-11-13 16:30:00'),
(288, '6190eefa-b7a4-476c-befa-8d8297ba38a3', 26, 7, 48, 21, -5, 50, '2024-11-13 17:00:00'),
(289, '6190eefa-b7a4-476c-befa-8d8297ba38a3', 43, 36, 27, 24, -55, 113, '2024-11-13 17:30:00'),
(290, '6190eefa-b7a4-476c-befa-8d8297ba38a3', 77, 23, 12, 5, -53, -68, '2024-11-13 18:00:00'),
(291, '6190eefa-b7a4-476c-befa-8d8297ba38a3', 92, 31, 38, 4, -66, -79, '2024-11-13 18:30:00'),
(292, '6190eefa-b7a4-476c-befa-8d8297ba38a3', 11, 44, 46, 26, -38, 72, '2024-11-13 19:00:00'),
(293, '6190eefa-b7a4-476c-befa-8d8297ba38a3', 77, 45, 48, 6, -54, -164, '2024-11-13 19:30:00'),
(294, '6190eefa-b7a4-476c-befa-8d8297ba38a3', 92, 30, 37, 28, 40, 134, '2024-11-13 20:00:00'),
(295, '6190eefa-b7a4-476c-befa-8d8297ba38a3', 74, 24, 22, 23, 77, 118, '2024-11-13 20:30:00'),
(296, '6190eefa-b7a4-476c-befa-8d8297ba38a3', 85, 30, 29, 21, 0, 106, '2024-11-13 21:00:00'),
(297, '6190eefa-b7a4-476c-befa-8d8297ba38a3', 55, 49, 17, 4, 84, -104, '2024-11-13 21:30:00'),
(298, '6190eefa-b7a4-476c-befa-8d8297ba38a3', 43, 42, 43, 18, -72, 174, '2024-11-13 22:00:00'),
(299, '6190eefa-b7a4-476c-befa-8d8297ba38a3', 49, 10, 7, 21, 46, 91, '2024-11-13 22:30:00'),
(300, '6190eefa-b7a4-476c-befa-8d8297ba38a3', 59, 21, 5, 18, -60, 114, '2024-11-13 23:00:00'),
(301, '6190eefa-b7a4-476c-befa-8d8297ba38a3', 57, 1, 45, 39, 20, -164, '2024-11-13 23:30:00'),
(302, '6190eefa-b7a4-476c-befa-8d8297ba38a3', 15, 10, 22, 39, -6, 135, '2024-11-14 00:00:00'),
(303, '6190eefa-b7a4-476c-befa-8d8297ba38a3', 18, 34, 47, 17, -31, 127, '2024-11-14 00:30:00'),
(304, '6190eefa-b7a4-476c-befa-8d8297ba38a3', 20, 35, 29, 31, -58, -54, '2024-11-14 01:00:00'),
(305, '6190eefa-b7a4-476c-befa-8d8297ba38a3', 87, 47, 17, 16, -89, 136, '2024-11-14 01:30:00'),
(306, '6190eefa-b7a4-476c-befa-8d8297ba38a3', 88, 33, 45, 5, 23, 130, '2024-11-14 02:00:00'),
(307, '6190eefa-b7a4-476c-befa-8d8297ba38a3', 85, 16, 23, 24, -9, -167, '2024-11-14 02:30:00'),
(308, '6190eefa-b7a4-476c-befa-8d8297ba38a3', 58, 27, 7, 21, 60, 60, '2024-11-14 03:00:00'),
(309, '6190eefa-b7a4-476c-befa-8d8297ba38a3', 66, 40, 20, 0, 5, -174, '2024-11-14 03:30:00'),
(310, '6190eefa-b7a4-476c-befa-8d8297ba38a3', 45, 13, 26, 50, -72, -79, '2024-11-14 04:00:00'),
(311, '6190eefa-b7a4-476c-befa-8d8297ba38a3', 93, 0, 11, 14, 73, 23, '2024-11-14 04:30:00'),
(312, '6190eefa-b7a4-476c-befa-8d8297ba38a3', 18, 39, 38, 14, 31, -27, '2024-11-14 05:00:00'),
(313, '6190eefa-b7a4-476c-befa-8d8297ba38a3', 62, 21, 8, 40, -49, 44, '2024-11-14 05:30:00'),
(314, '6190eefa-b7a4-476c-befa-8d8297ba38a3', 39, 29, 6, 46, 60, 125, '2024-11-14 06:00:00'),
(315, '6190eefa-b7a4-476c-befa-8d8297ba38a3', 19, 13, 34, 24, 28, -55, '2024-11-14 06:30:00'),
(316, '6190eefa-b7a4-476c-befa-8d8297ba38a3', 58, 8, 45, 25, -72, 20, '2024-11-14 07:00:00'),
(317, '6190eefa-b7a4-476c-befa-8d8297ba38a3', 51, 21, 2, 9, 63, -71, '2024-11-14 07:30:00'),
(318, '6190eefa-b7a4-476c-befa-8d8297ba38a3', 10, 38, 9, 39, 70, -55, '2024-11-14 08:00:00'),
(319, '6190eefa-b7a4-476c-befa-8d8297ba38a3', 31, 22, 41, 14, 79, -25, '2024-11-14 08:30:00'),
(320, '6190eefa-b7a4-476c-befa-8d8297ba38a3', 10, 3, 38, 30, 72, 64, '2024-11-14 09:00:00'),
(321, '6190eefa-b7a4-476c-befa-8d8297ba38a3', 44, 16, 45, 49, -30, -24, '2024-11-14 09:30:00'),
(322, '6190eefa-b7a4-476c-befa-8d8297ba38a3', 74, 32, 34, 8, 3, 143, '2024-11-14 10:00:00'),
(323, '6190eefa-b7a4-476c-befa-8d8297ba38a3', 74, 3, 31, 15, -60, -52, '2024-11-14 10:30:00'),
(324, '6190eefa-b7a4-476c-befa-8d8297ba38a3', 70, 41, 25, 37, 42, -146, '2024-11-14 11:00:00'),
(325, '6190eefa-b7a4-476c-befa-8d8297ba38a3', 73, 1, 43, 8, -70, 131, '2024-11-14 11:30:00'),
(326, '6190eefa-b7a4-476c-befa-8d8297ba38a3', 82, 34, 14, 16, -42, -18, '2024-11-14 12:00:00'),
(327, '6190eefa-b7a4-476c-befa-8d8297ba38a3', 56, 8, 22, 31, 56, 41, '2024-11-14 12:30:00'),
(328, '6190eefa-b7a4-476c-befa-8d8297ba38a3', 13, 7, 24, 5, -76, -43, '2024-11-14 13:00:00'),
(329, '6190eefa-b7a4-476c-befa-8d8297ba38a3', 76, 43, 13, 48, -32, -76, '2024-11-14 13:30:00'),
(330, '6190eefa-b7a4-476c-befa-8d8297ba38a3', 98, 43, 8, 45, 63, 143, '2024-11-14 14:00:00'),
(331, '6190eefa-b7a4-476c-befa-8d8297ba38a3', 89, 24, 8, 45, -59, 109, '2024-11-14 14:30:00'),
(332, '6190eefa-b7a4-476c-befa-8d8297ba38a3', 5, 34, 5, 2, 29, 152, '2024-11-14 15:00:00'),
(333, '6190eefa-b7a4-476c-befa-8d8297ba38a3', 61, 45, 33, 20, 1, 54, '2024-11-14 15:30:00'),
(334, '6190eefa-b7a4-476c-befa-8d8297ba38a3', 76, 3, 22, 28, 64, -126, '2024-11-14 16:00:00'),
(335, '6190eefa-b7a4-476c-befa-8d8297ba38a3', 10, 22, 27, 34, 65, -117, '2024-11-14 16:30:00'),
(336, '6190eefa-b7a4-476c-befa-8d8297ba38a3', 32, 24, 50, 11, 76, -23, '2024-11-14 17:00:00'),
(337, '6190eefa-b7a4-476c-befa-8d8297ba38a3', 36, 27, 4, 18, -72, 171, '2024-11-14 17:30:00'),
(338, '6190eefa-b7a4-476c-befa-8d8297ba38a3', 35, 26, 0, 31, -62, -108, '2024-11-14 18:00:00'),
(339, '6190eefa-b7a4-476c-befa-8d8297ba38a3', 86, 45, 35, 41, -75, -172, '2024-11-14 18:30:00'),
(340, '6190eefa-b7a4-476c-befa-8d8297ba38a3', 1, 39, 20, 12, 81, -141, '2024-11-14 19:00:00'),
(341, '6190eefa-b7a4-476c-befa-8d8297ba38a3', 50, 3, 13, 40, 48, 132, '2024-11-14 19:30:00'),
(342, '6190eefa-b7a4-476c-befa-8d8297ba38a3', 51, 16, 7, 10, -84, -129, '2024-11-14 20:00:00'),
(343, '6190eefa-b7a4-476c-befa-8d8297ba38a3', 54, 36, 46, 29, -10, -119, '2024-11-14 20:30:00'),
(344, '6190eefa-b7a4-476c-befa-8d8297ba38a3', 89, 8, 23, 21, 32, 65, '2024-11-14 21:00:00'),
(345, '6190eefa-b7a4-476c-befa-8d8297ba38a3', 5, 23, 39, 3, 35, 41, '2024-11-14 21:30:00'),
(346, '6190eefa-b7a4-476c-befa-8d8297ba38a3', 1, 18, 5, 48, -80, 8, '2024-11-14 22:00:00'),
(347, '6190eefa-b7a4-476c-befa-8d8297ba38a3', 0, 4, 37, 26, 21, 41, '2024-11-14 22:30:00'),
(348, '6190eefa-b7a4-476c-befa-8d8297ba38a3', 84, 16, 18, 11, 46, 172, '2024-11-14 23:00:00'),
(349, '6190eefa-b7a4-476c-befa-8d8297ba38a3', 4, 18, 13, 18, -59, -177, '2024-11-14 23:30:00'),
(350, '6190eefa-b7a4-476c-befa-8d8297ba38a3', 5, 32, 0, 33, -64, -161, '2024-11-15 00:00:00'),
(351, '846e496c-9c2c-4f9f-97ef-a6dc5401a6f6', 40, 24, 30, 29, 21, 85, '2024-11-10 20:30:00'),
(352, '846e496c-9c2c-4f9f-97ef-a6dc5401a6f6', 87, 11, 33, 28, -6, -76, '2024-11-10 21:00:00'),
(353, '846e496c-9c2c-4f9f-97ef-a6dc5401a6f6', 28, 32, 0, 24, -17, 165, '2024-11-10 21:30:00'),
(354, '846e496c-9c2c-4f9f-97ef-a6dc5401a6f6', 84, 2, 28, 10, 83, 119, '2024-11-10 22:00:00'),
(355, '846e496c-9c2c-4f9f-97ef-a6dc5401a6f6', 82, 45, 9, 15, -27, 70, '2024-11-10 22:30:00'),
(356, '6190eefa-b7a4-476c-befa-8d8297ba38a3', 18, 16, 33, 2, 18, 96, '2024-11-10 20:30:00'),
(357, '6190eefa-b7a4-476c-befa-8d8297ba38a3', 39, 38, 4, 18, -41, 138, '2024-11-10 21:00:00'),
(358, '6190eefa-b7a4-476c-befa-8d8297ba38a3', 81, 20, 23, 45, -45, 156, '2024-11-10 21:30:00'),
(359, '6190eefa-b7a4-476c-befa-8d8297ba38a3', 11, 2, 29, 16, -38, 152, '2024-11-10 22:00:00'),
(360, '6190eefa-b7a4-476c-befa-8d8297ba38a3', 24, 17, 48, 29, -63, 112, '2024-11-10 22:30:00'),
(361, '6190eefa-b7a4-476c-befa-8d8297ba38a3', 86, 19, 20, 2, 32, 55, '2024-11-10 20:30:00'),
(362, '6190eefa-b7a4-476c-befa-8d8297ba38a3', 99, 12, 11, 24, 22, -63, '2024-11-10 21:00:00'),
(363, '6190eefa-b7a4-476c-befa-8d8297ba38a3', 83, 14, 33, 49, 61, -13, '2024-11-10 20:30:00'),
(364, '6190eefa-b7a4-476c-befa-8d8297ba38a3', 21, 48, 43, 13, 59, -37, '2024-11-10 21:00:00'),
(365, '6190eefa-b7a4-476c-befa-8d8297ba38a3', 86, 45, 47, 13, 40, -74, '2024-11-10 20:30:00'),
(366, '6190eefa-b7a4-476c-befa-8d8297ba38a3', 72, 0, 16, 46, 4, 3, '2024-11-10 21:00:00'),
(367, '6190eefa-b7a4-476c-befa-8d8297ba38a3', 85, 20, 15, 25, 2, 25, '2024-11-10 20:30:00'),
(368, '6190eefa-b7a4-476c-befa-8d8297ba38a3', 45, 48, 40, 13, -19, 126, '2024-11-10 21:00:00'),
(369, '6190eefa-b7a4-476c-befa-8d8297ba38a3', 59, 2, 15, 19, 71, -121, '2024-11-10 20:30:00'),
(370, '6190eefa-b7a4-476c-befa-8d8297ba38a3', 59, 10, 28, 15, 23, -45, '2024-11-10 21:00:00'),
(371, '6190eefa-b7a4-476c-befa-8d8297ba38a3', 21, 44, 46, 38, 87, 39, '2024-11-10 20:30:00'),
(372, '6190eefa-b7a4-476c-befa-8d8297ba38a3', 71, 20, 33, 17, -52, -44, '2024-11-10 21:00:00'),
(373, '6190eefa-b7a4-476c-befa-8d8297ba38a3', 3, 15, 18, 19, 25, 44, '2024-11-10 20:30:00'),
(374, '6190eefa-b7a4-476c-befa-8d8297ba38a3', 76, 43, 22, 29, -3, -160, '2024-11-10 21:00:00'),
(375, '6190eefa-b7a4-476c-befa-8d8297ba38a3', 86, 3, 17, 31, 87, -3, '2024-11-10 20:30:00'),
(376, '6190eefa-b7a4-476c-befa-8d8297ba38a3', 68, 14, 19, 19, -39, -70, '2024-11-10 21:00:00'),
(379, '1e10a266-0463-4bec-9b69-b180691e8074', 95, 37, 29, 12, -2, 101, '2024-11-10 20:30:00'),
(380, '1e10a266-0463-4bec-9b69-b180691e8074', 0, 22, 22, 48, -87, -168, '2024-11-10 21:00:00');

-- --------------------------------------------------------

--
-- Table structure for table `owner_vehicle`
--

CREATE TABLE `owner_vehicle` (
  `id` varchar(150) CHARACTER SET utf8mb4 COLLATE utf8mb4_0900_ai_ci NOT NULL,
  `id_owner` varchar(200) NOT NULL,
  `number_registration` varchar(100) NOT NULL,
  `vehicle` varchar(200) NOT NULL,
  `type_vehicle` varchar(200) NOT NULL,
  `transmission_type` varchar(200) NOT NULL,
  `last_oil_change_date` datetime NOT NULL,
  `fuel` varchar(200) NOT NULL,
  `cylinder_volume` int NOT NULL,
  `description_vehicle` text NOT NULL,
  `vehicle_photo` varchar(200) NOT NULL,
  `riwayat_service` datetime NOT NULL,
  `status_emisi` int NOT NULL,
  `last_update` timestamp NOT NULL DEFAULT CURRENT_TIMESTAMP ON UPDATE CURRENT_TIMESTAMP
) ENGINE=InnoDB DEFAULT CHARSET=utf8mb4 COLLATE=utf8mb4_0900_ai_ci;

--
-- Dumping data for table `owner_vehicle`
--

INSERT INTO `owner_vehicle` (`id`, `id_owner`, `number_registration`, `vehicle`, `type_vehicle`, `transmission_type`, `last_oil_change_date`, `fuel`, `cylinder_volume`, `description_vehicle`, `vehicle_photo`, `riwayat_service`, `status_emisi`, `last_update`) VALUES
('1e10a266-0463-4bec-9b69-b180691e8074', 'c1a5ecc7-153b-4100-b0dd-cd97dfda96d6', 'B 982 AL', 'Motor Inova', 'Pick-up', 'Manual', '2220-09-10 00:00:00', 'Pertamax', 121, 'Sehat', '729f35be-35f3-48ad-b16e-5b021e552d3e.png', '2023-02-12 00:00:00', 0, '2024-11-28 02:47:15'),
('6190eefa-b7a4-476c-befa-8d8297ba38a3', '4d88e51a-9225-455b-9666-dbe15b816ad4', 'BM 55L', 'motor', 'Sedan', 'Manual', '5678-04-12 00:00:00', 'Pertamax Turbo', 212, 'sddd', 'ebd8e1da-0f8b-4aa5-ab2a-d032dd4b96a2.png', '4556-03-12 00:00:00', 0, '2024-11-20 10:41:44'),
('846e496c-9c2c-4f9f-97ef-a6dc5401a6f6', 'b562819a-5345-4984-bdd8-64bea901c583', 'BM 55L', 'SDD', 'Hatchback', 'Automatic', '0344-03-12 00:00:00', 'Pertalite', 123, 'fdffd', 'a66e6318-472c-43e9-b397-7e807496dec0.png', '4343-03-12 00:00:00', 0, '2024-11-18 13:23:35'),
('bd6494ff-35d2-4e97-a3b0-adf5154f1464', '85487c0e-0592-4183-a1e9-5bd3d8ef94b9', 'BM 55LAA', 'Motor', 'Convertible', 'Manual', '2025-03-06 00:00:00', 'Pertalite', 12, 'adds', 'b303c5a8-e1e8-4bfb-880a-cc3a08cfa4f5.png', '2025-03-18 00:00:00', 0, '2025-03-08 07:37:31'),
('d650f8f4-fd5a-44f3-bba2-56a66691575d', 'b562819a-5345-4984-bdd8-64bea901c583', 'BK 343', 'motor5565', 'SUV', 'Automatic', '5544-03-09 00:00:00', 'Pertalite', 54, 'gvvb', '5d211ef1-fa22-49be-a1d5-f7ff466df945.png', '4544-04-30 00:00:00', 0, '2024-11-18 13:51:00'),
('f93f41ee-7236-4f7c-b8e4-edbb04b14287', '4d88e51a-9225-455b-9666-dbe15b816ad4', 'BM 55L', 'motor', 'Hatchback', 'Manual', '2334-03-12 00:00:00', 'Pertalite', 123, 'w', 'fcf2f4e9-1fc4-4478-9fa0-4324df781aa4.jpg', '2212-02-12 00:00:00', 0, '2024-11-22 18:39:26');

-- --------------------------------------------------------

--
-- Table structure for table `payment`
--

CREATE TABLE `payment` (
  `id` varchar(255) NOT NULL,
  `transactionID` varchar(255) DEFAULT NULL,
  `amount` int NOT NULL,
  `status` int NOT NULL,
  `paymentMethod` varchar(200) NOT NULL,
  `created_at` timestamp NOT NULL DEFAULT CURRENT_TIMESTAMP ON UPDATE CURRENT_TIMESTAMP
) ENGINE=InnoDB DEFAULT CHARSET=utf8mb4 COLLATE=utf8mb4_0900_ai_ci;

-- --------------------------------------------------------

--
-- Table structure for table `profilseller`
--

CREATE TABLE `profilseller` (
  `id` varchar(150) CHARACTER SET utf8mb4 COLLATE utf8mb4_0900_ai_ci NOT NULL,
  `id_user` varchar(150) CHARACTER SET utf8mb4 COLLATE utf8mb4_0900_ai_ci NOT NULL,
  `fullName` varchar(200) NOT NULL,
  `address` varchar(200) NOT NULL,
  `shopName` varchar(200) NOT NULL,
  `no_Hp` varchar(200) NOT NULL,
  `rating` float NOT NULL,
  `img` varchar(200) NOT NULL,
  `total_co` float NOT NULL
) ENGINE=InnoDB DEFAULT CHARSET=utf8mb4 COLLATE=utf8mb4_0900_ai_ci;

--
-- Dumping data for table `profilseller`
--

INSERT INTO `profilseller` (`id`, `id_user`, `fullName`, `address`, `shopName`, `no_Hp`, `rating`, `img`, `total_co`) VALUES
('8665c46f-bfef-4f9b-a3ea-80074ea2c2f2', '85487c0e-0592-4183-a1e9-5bd3d8ef94b9', 'Messi Hang On', 'Andres Street', 'Messi', '3930392', 0, '0b1b968b-d53e-42d7-bf56-ae39687e864e.png', 0),
('be272361-8c11-4a88-9c17-4e6d8004bc35', '4d88e51a-9225-455b-9666-dbe15b816ad4', 'Messi', 'ass', 'dadda', '1212', 0, '475e1d11-011b-44c3-b80f-2efb1e56c909.png', 7304);

-- --------------------------------------------------------

--
-- Table structure for table `transaction`
--

CREATE TABLE `transaction` (
  `id` varchar(255) NOT NULL,
  `sellerID` varchar(255) NOT NULL,
  `buyerID` varchar(255) NOT NULL,
  `capQuotaID` varchar(255) NOT NULL,
  `amount` int NOT NULL,
  `link` varchar(200) NOT NULL,
  `status` varchar(50) NOT NULL,
  `created_at` timestamp NOT NULL DEFAULT CURRENT_TIMESTAMP ON UPDATE CURRENT_TIMESTAMP
) ENGINE=InnoDB DEFAULT CHARSET=utf8mb4 COLLATE=utf8mb4_0900_ai_ci;

--
-- Dumping data for table `transaction`
--

INSERT INTO `transaction` (`id`, `sellerID`, `buyerID`, `capQuotaID`, `amount`, `link`, `status`, `created_at`) VALUES
('carbons-1733827526229', '4d88e51a-9225-455b-9666-dbe15b816ad4', '85487c0e-0592-4183-a1e9-5bd3d8ef94b9', '0', 50000, 'https://app.sandbox.midtrans.com/snap/v4/redirection/309792ac-1826-46ed-8e48-669a185ee38a', 'success', '2024-12-10 10:46:30'),
('carbons-1733827605417', '4d88e51a-9225-455b-9666-dbe15b816ad4', '85487c0e-0592-4183-a1e9-5bd3d8ef94b9', '0', 10000, 'https://app.sandbox.midtrans.com/snap/v4/redirection/d8332021-7bdf-447b-af14-282ba832ca5b', 'success', '2024-12-10 10:47:43'),
('carbons-1733827669242', '4d88e51a-9225-455b-9666-dbe15b816ad4', '85487c0e-0592-4183-a1e9-5bd3d8ef94b9', '0', 120000, 'https://app.sandbox.midtrans.com/snap/v4/redirection/f100cb72-beb2-4e0c-8336-3ac7df903f6a', 'success', '2024-12-10 10:48:23'),
('carbons-1733906515310', '4d88e51a-9225-455b-9666-dbe15b816ad4', '85487c0e-0592-4183-a1e9-5bd3d8ef94b9', '0', 30000, 'https://app.sandbox.midtrans.com/snap/v4/redirection/14742c9e-b518-41da-8d33-9afe0609535d', 'success', '2024-12-11 09:36:50'),
('carbons-1741418987716', '4d88e51a-9225-455b-9666-dbe15b816ad4', '85487c0e-0592-4183-a1e9-5bd3d8ef94b9', '0', 120000, 'https://app.sandbox.midtrans.com/snap/v4/redirection/f1bb50ff-f369-4d7d-9daa-a01bb9c17bee', 'success', '2025-03-08 07:31:17'),
('carbons-1741419112597', '4d88e51a-9225-455b-9666-dbe15b816ad4', '85487c0e-0592-4183-a1e9-5bd3d8ef94b9', '0', 170000, 'https://app.sandbox.midtrans.com/snap/v4/redirection/0a8bf5db-1c14-450f-beab-2393a058b023', 'pending', '2025-03-08 07:31:53');

-- --------------------------------------------------------

--
-- Table structure for table `user`
--

CREATE TABLE `user` (
  `id_user` varchar(150) CHARACTER SET utf8mb4 COLLATE utf8mb4_0900_ai_ci NOT NULL,
  `Nama` varchar(200) NOT NULL,
  `password` varchar(255) CHARACTER SET utf8mb4 COLLATE utf8mb4_0900_ai_ci NOT NULL,
  `email` varchar(100) NOT NULL,
  `noHp` varchar(200) NOT NULL,
  `role` tinyint(1) NOT NULL,
  `last_login` timestamp NOT NULL DEFAULT CURRENT_TIMESTAMP ON UPDATE CURRENT_TIMESTAMP,
  `created_at` timestamp NOT NULL DEFAULT CURRENT_TIMESTAMP ON UPDATE CURRENT_TIMESTAMP
) ENGINE=InnoDB DEFAULT CHARSET=utf8mb4 COLLATE=utf8mb4_0900_ai_ci;

--
-- Dumping data for table `user`
--

INSERT INTO `user` (`id_user`, `Nama`, `password`, `email`, `noHp`, `role`, `last_login`, `created_at`) VALUES
('4d88e51a-9225-455b-9666-dbe15b816ad4', 'sukuna', '$2b$10$qx8SBcN/k38mir7PJMoHVuIkvD6xmKgrtrlIXI8mJ1nCG6gXZHW9W', 'sukuna@gmail.com', '12345', 0, '2024-11-18 14:28:23', '2024-11-18 14:28:23'),
('85487c0e-0592-4183-a1e9-5bd3d8ef94b9', 'messi Lionel', '$2b$10$MtjUvLvXmxfgF.5dmbhSIOj3m17io8w2Z63U0U.ztneo00yCBmWpS', 'messi@gmail.com', '47635675', 0, '2024-11-29 14:34:26', '2024-11-29 14:34:26'),
('b562819a-5345-4984-bdd8-64bea901c583', 'illumi', '$2b$10$HVLv4QE7iFwTCCVYSQBNmuCW2KYIgpj703G2heZ9RpupHTS7OzF2C', 'illumi@gmail.com', '08298292', 1, '2024-11-30 06:28:05', '2024-11-30 06:28:05'),
('c1a5ecc7-153b-4100-b0dd-cd97dfda96d6', 'hoperson', '$2b$10$7Zs4KYbgyvzgcAEwmmFeTOwR2RmtCfmO8tXkAiTtiUkRUhKg9dB5e', 'hoperson@gmail.com', '8786786', 0, '2024-11-28 02:45:57', '2024-11-28 02:45:57');

--
-- Indexes for dumped tables
--

--
-- Indexes for table `capquota`
--
ALTER TABLE `capquota`
  ADD PRIMARY KEY (`id`),
  ADD UNIQUE KEY `vehicleID` (`vehicleID`);

--
-- Indexes for table `emission`
--
ALTER TABLE `emission`
  ADD PRIMARY KEY (`id`),
  ADD KEY `fk_emisi_vehicle` (`id_vehicle`);

--
-- Indexes for table `owner_vehicle`
--
ALTER TABLE `owner_vehicle`
  ADD PRIMARY KEY (`id`),
  ADD KEY `fk_vehicle_owner` (`id_owner`);

--
-- Indexes for table `payment`
--
ALTER TABLE `payment`
  ADD PRIMARY KEY (`id`),
  ADD KEY `fk_payment_transaction` (`transactionID`);

--
-- Indexes for table `profilseller`
--
ALTER TABLE `profilseller`
  ADD PRIMARY KEY (`id`),
  ADD UNIQUE KEY `id_user` (`id_user`);

--
-- Indexes for table `transaction`
--
ALTER TABLE `transaction`
  ADD PRIMARY KEY (`id`);

--
-- Indexes for table `user`
--
ALTER TABLE `user`
  ADD PRIMARY KEY (`id_user`);

--
-- AUTO_INCREMENT for dumped tables
--

--
-- AUTO_INCREMENT for table `emission`
--
ALTER TABLE `emission`
  MODIFY `id` int NOT NULL AUTO_INCREMENT, AUTO_INCREMENT=381;

--
-- Constraints for dumped tables
--

--
-- Constraints for table `capquota`
--
ALTER TABLE `capquota`
  ADD CONSTRAINT `fk_quota_karbon` FOREIGN KEY (`vehicleID`) REFERENCES `owner_vehicle` (`id`) ON DELETE CASCADE ON UPDATE CASCADE;

--
-- Constraints for table `emission`
--
ALTER TABLE `emission`
  ADD CONSTRAINT `fk_emisi_vehicle` FOREIGN KEY (`id_vehicle`) REFERENCES `owner_vehicle` (`id`) ON DELETE CASCADE ON UPDATE CASCADE;

--
-- Constraints for table `owner_vehicle`
--
ALTER TABLE `owner_vehicle`
  ADD CONSTRAINT `fk_vehicle_owner` FOREIGN KEY (`id_owner`) REFERENCES `user` (`id_user`) ON DELETE CASCADE ON UPDATE CASCADE;

--
-- Constraints for table `payment`
--
ALTER TABLE `payment`
  ADD CONSTRAINT `fk_payment_transaction` FOREIGN KEY (`transactionID`) REFERENCES `transaction` (`id`) ON DELETE CASCADE ON UPDATE CASCADE;

--
-- Constraints for table `profilseller`
--
ALTER TABLE `profilseller`
  ADD CONSTRAINT `fk_user_profile` FOREIGN KEY (`id_user`) REFERENCES `user` (`id_user`) ON DELETE CASCADE ON UPDATE CASCADE;
COMMIT;

/*!40101 SET CHARACTER_SET_CLIENT=@OLD_CHARACTER_SET_CLIENT */;
/*!40101 SET CHARACTER_SET_RESULTS=@OLD_CHARACTER_SET_RESULTS */;
/*!40101 SET COLLATION_CONNECTION=@OLD_COLLATION_CONNECTION */;
